CREATE TABLE `users` (
  `id` int NOT NULL AUTO_INCREMENT,
  `nom` varchar(50) DEFAULT NULL,
  `prenom` varchar(50) DEFAULT NULL,
  `email` varchar(255) DEFAULT NULL,
  `password` varchar(255) NOT NULL,
  `type` varchar(50) DEFAULT 'user',
  `Mail_Verified` tinyint(1) DEFAULT '0',
  `Verify_Token` varchar(90) DEFAULT NULL,
  `session_key` varchar(90) DEFAULT NULL,
  PRIMARY KEY (`id`),
  UNIQUE KEY `email` (`email`)
);
INSERT INTO `users` VALUES (1,'soukaina','nabila','admin@a.com','ef797c8118f02dfb649607dd5d3f8c7623048c9c063d532cc95c5ed7a898a64f','secretaire',1,NULL,'bc0b1af6da9a00e640162ef22bf10f1c7b514dc0a5a768d4c39b274f40936afc'),(2,'chayma','agardouh','aahllaamm@hotmail.com','ef797c8118f02dfb649607dd5d3f8c7623048c9c063d532cc95c5ed7a898a64f','formateur',0,NULL,'f9042bee4ea5c32fbdb549953055acaa7cb5c89f38293ce2c9e876e8ce881570');


CREATE TABLE `formations` (
  `id` int NOT NULL AUTO_INCREMENT,
  `label` varchar(200) DEFAULT NULL,
  `duree` int DEFAULT NULL,
  `description` text,
  PRIMARY KEY (`id`)
);
INSERT INTO `formations` VALUES (16,'developpement informatiqe',2,'تكوين فني في الحلويات و المملحات?‍???‍?\r\n✅ تكوين إحترافي و تطبيقي %?\r\n?‍?? في آخر التكوين، تسلم للخريجات و للخريجين شهادة التأهيل التي تخول لهم الولوج لسوق الشغل سواء على المستوى الوطني?? أو الدولي?? في مجال الحلويات و المملحات.\r\n✅ في كل حصة يوفر المركز جميع المقادير و اللوازم الخاصة لتحضير وصفات الحلويات??و المملحات??\r\n⏳ مدة التكوين : 3 أشهر (72 ساعة) بمعدل حصتان في الأسبوع.\r\n? مصاريف التكوين : 2700 درهم للتكوين بأكمله (شاملة لكافة التكاليف).\r\n? ملحوظة : نحيطكم علما أنه يتعذر علينا الرد على الأسئلة الواردة في التعليقات لعدة عوامل، لذا نلتمس رجاءا ممن يريد الإستفسار أكثر أن يتواصل معنا مباشرة هاتفيا أو عبر الواتساب :\r\n0606502020 - 0536604586\r\n? مقر المركز : شارع الحسن الثاني، عمارة رقم 172_184، قبالة سوق المركب التجاري، الطابق الثاني. الناظور.'),(17,'system informatique',2,'تكوين فني في الحلويات و المملحات?‍???‍?\r\n✅ تكوين إحترافي و تطبيقي %?\r\n?‍?? في آخر التكوين، تسلم للخريجات و للخريجين شهادة التأهيل التي تخول لهم الولوج لسوق الشغل سواء على المستوى الوطني?? أو الدولي?? في مجال الحلويات و المملحات.\r\n✅ في كل حصة يوفر المركز جميع المقادير و اللوازم الخاصة لتحضير وصفات الحلويات??و المملحات??\r\n⏳ مدة التكوين : 3 أشهر (72 ساعة) بمعدل حصتان في الأسبوع.\r\n? مصاريف التكوين : 2700 درهم للتكوين بأكمله (شاملة لكافة التكاليف).\r\n? ملحوظة : نحيطكم علما أنه يتعذر علينا الرد على الأسئلة الواردة في التعليقات لعدة عوامل، لذا نلتمس رجاءا ممن يريد الإستفسار أكثر أن يتواصل معنا مباشرة هاتفيا أو عبر الواتساب :\r\n0606502020 - 0536604586\r\n? مقر المركز : شارع الحسن الثاني، عمارة رقم 172_184، قبالة سوق المركب التجاري، الطابق الثاني. الناظور.'),(18,'cake design',2,'تكوين فني في الحلويات و المملحات?‍???‍?\r\n✅ تكوين إحترافي و تطبيقي %?\r\n?‍?? في آخر التكوين، تسلم للخريجات و للخريجين شهادة التأهيل التي تخول لهم الولوج لسوق الشغل سواء على المستوى الوطني?? أو الدولي?? في مجال الحلويات و المملحات.\r\n✅ في كل حصة يوفر المركز جميع المقادير و اللوازم الخاصة لتحضير وصفات الحلويات??و المملحات??\r\n⏳ مدة التكوين : 3 أشهر (72 ساعة) بمعدل حصتان في الأسبوع.\r\n? مصاريف التكوين : 2700 درهم للتكوين بأكمله (شاملة لكافة التكاليف).\r\n? ملحوظة : نحيطكم علما أنه يتعذر علينا الرد على الأسئلة الواردة في التعليقات لعدة عوامل، لذا نلتمس رجاءا ممن يريد الإستفسار أكثر أن يتواصل معنا مباشرة هاتفيا أو عبر الواتساب :\r\n0606502020 - 0536604586\r\n? مقر المركز : شارع الحسن الثاني، عمارة رقم 172_184، قبالة سوق المركب التجاري، الطابق الثاني. الناظور.'),(19,'pharmacie',2,'تكوين فني في الحلويات و المملحات?‍???‍?\r\n✅ تكوين إحترافي و تطبيقي %?\r\n?‍?? في آخر التكوين، تسلم للخريجات و للخريجين شهادة التأهيل التي تخول لهم الولوج لسوق الشغل سواء على المستوى الوطني?? أو الدولي?? في مجال الحلويات و المملحات.\r\n✅ في كل حصة يوفر المركز جميع المقادير و اللوازم الخاصة لتحضير وصفات الحلويات??و المملحات??\r\n⏳ مدة التكوين : 3 أشهر (72 ساعة) بمعدل حصتان في الأسبوع.\r\n? مصاريف التكوين : 2700 درهم للتكوين بأكمله (شاملة لكافة التكاليف).\r\n? ملحوظة : نحيطكم علما أنه يتعذر علينا الرد على الأسئلة الواردة في التعليقات لعدة عوامل، لذا نلتمس رجاءا ممن يريد الإستفسار أكثر أن يتواصل معنا مباشرة هاتفيا أو عبر الواتساب :\r\n0606502020 - 0536604586\r\n? مقر المركز : شارع الحسن الثاني، عمارة رقم 172_184، قبالة سوق المركب التجاري، الطابق الثاني. الناظور.'),(20,'developpement informatiqe',2,'تكوين فني في الحلويات و المملحات?‍???‍?\r\n✅ تكوين إحترافي و تطبيقي %?\r\n?‍?? في آخر التكوين، تسلم للخريجات و للخريجين شهادة التأهيل التي تخول لهم الولوج لسوق الشغل سواء على المستوى الوطني?? أو الدولي?? في مجال الحلويات و المملحات.\r\n✅ في كل حصة يوفر المركز جميع المقادير و اللوازم الخاصة لتحضير وصفات الحلويات??و المملحات??\r\n⏳ مدة التكوين : 3 أشهر (72 ساعة) بمعدل حصتان في الأسبوع.\r\n? مصاريف التكوين : 2700 درهم للتكوين بأكمله (شاملة لكافة التكاليف).\r\n? ملحوظة : نحيطكم علما أنه يتعذر علينا الرد على الأسئلة الواردة في التعليقات لعدة عوامل، لذا نلتمس رجاءا ممن يريد الإستفسار أكثر أن يتواصل معنا مباشرة هاتفيا أو عبر الواتساب :\r\n0606502020 - 0536604586\r\n? مقر المركز : شارع الحسن الثاني، عمارة رقم 172_184، قبالة سوق المركب التجاري، الطابق الثاني. الناظور.'),(21,'cake design',2,'تكوين فني في الحلويات و المملحات?‍???‍?\r\n✅ تكوين إحترافي و تطبيقي %?\r\n?‍?? في آخر التكوين، تسلم للخريجات و للخريجين شهادة التأهيل التي تخول لهم الولوج لسوق الشغل سواء على المستوى الوطني?? أو الدولي?? في مجال الحلويات و المملحات.\r\n✅ في كل حصة يوفر المركز جميع المقادير و اللوازم الخاصة لتحضير وصفات الحلويات??و المملحات??\r\n⏳ مدة التكوين : 3 أشهر (72 ساعة) بمعدل حصتان في الأسبوع.\r\n? مصاريف التكوين : 2700 درهم للتكوين بأكمله (شاملة لكافة التكاليف).\r\n? ملحوظة : نحيطكم علما أنه يتعذر علينا الرد على الأسئلة الواردة في التعليقات لعدة عوامل، لذا نلتمس رجاءا ممن يريد الإستفسار أكثر أن يتواصل معنا مباشرة هاتفيا أو عبر الواتساب :\r\n0606502020 - 0536604586\r\n? مقر المركز : شارع الحسن الثاني، عمارة رقم 172_184، قبالة سوق المركب التجاري، الطابق الثاني. الناظور.'),(22,'System informatique',2,'تكوين فني في الحلويات و المملحات?‍???‍?\r\n✅ تكوين إحترافي و تطبيقي %?\r\n?‍?? في آخر التكوين، تسلم للخريجات و للخريجين شهادة التأهيل التي تخول لهم الولوج لسوق الشغل سواء على المستوى الوطني?? أو الدولي?? في مجال الحلويات و المملحات.\r\n✅ في كل حصة يوفر المركز جميع المقادير و اللوازم الخاصة لتحضير وصفات الحلويات??و المملحات??\r\n⏳ مدة التكوين : 3 أشهر (72 ساعة) بمعدل حصتان في الأسبوع.\r\n? مصاريف التكوين : 2700 درهم للتكوين بأكمله (شاملة لكافة التكاليف).\r\n? ملحوظة : نحيطكم علما أنه يتعذر علينا الرد على الأسئلة الواردة في التعليقات لعدة عوامل، لذا نلتمس رجاءا ممن يريد الإستفسار أكثر أن يتواصل معنا مباشرة هاتفيا أو عبر الواتساب :\r\n0606502020 - 0536604586\r\n? مقر المركز : شارع الحسن الثاني، عمارة رقم 172_184، قبالة سوق المركب التجاري، الطابق الثاني. الناظور.'),(23,'Pharmacie',2,'تكوين فني في الحلويات و المملحات?‍???‍?\r\n✅ تكوين إحترافي و تطبيقي %?\r\n?‍?? في آخر التكوين، تسلم للخريجات و للخريجين شهادة التأهيل التي تخول لهم الولوج لسوق الشغل سواء على المستوى الوطني?? أو الدولي?? في مجال الحلويات و المملحات.\r\n✅ في كل حصة يوفر المركز جميع المقادير و اللوازم الخاصة لتحضير وصفات الحلويات??و المملحات??\r\n⏳ مدة التكوين : 3 أشهر (72 ساعة) بمعدل حصتان في الأسبوع.\r\n? مصاريف التكوين : 2700 درهم للتكوين بأكمله (شاملة لكافة التكاليف).\r\n? ملحوظة : نحيطكم علما أنه يتعذر علينا الرد على الأسئلة الواردة في التعليقات لعدة عوامل، لذا نلتمس رجاءا ممن يريد الإستفسار أكثر أن يتواصل معنا مباشرة هاتفيا أو عبر الواتساب :\r\n0606502020 - 0536604586\r\n? مقر المركز : شارع الحسن الثاني، عمارة رقم 172_184، قبالة سوق المركب التجاري، الطابق الثاني. الناظور.'),(24,'Camera',1,'تكوين فني في الحلويات و المملحات?‍???‍?\r\n✅ تكوين إحترافي و تطبيقي %?\r\n?‍?? في آخر التكوين، تسلم للخريجات و للخريجين شهادة التأهيل التي تخول لهم الولوج لسوق الشغل سواء على المستوى الوطني?? أو الدولي?? في مجال الحلويات و المملحات.\r\n✅ في كل حصة يوفر المركز جميع المقادير و اللوازم الخاصة لتحضير وصفات الحلويات??و المملحات??\r\n⏳ مدة التكوين : 3 أشهر (72 ساعة) بمعدل حصتان في الأسبوع.\r\n? مصاريف التكوين : 2700 درهم للتكوين بأكمله (شاملة لكافة التكاليف).\r\n? ملحوظة : نحيطكم علما أنه يتعذر علينا الرد على الأسئلة الواردة في التعليقات لعدة عوامل، لذا نلتمس رجاءا ممن يريد الإستفسار أكثر أن يتواصل معنا مباشرة هاتفيا أو عبر الواتساب :\r\n0606502020 - 0536604586\r\n? مقر المركز : شارع الحسن الثاني، عمارة رقم 172_184، قبالة سوق المركب التجاري، الطابق الثاني. الناظور.'),(25,'Photography',1,'تكوين فني في الحلويات و المملحات?‍???‍?\r\n✅ تكوين إحترافي و تطبيقي %?\r\n?‍?? في آخر التكوين، تسلم للخريجات و للخريجين شهادة التأهيل التي تخول لهم الولوج لسوق الشغل سواء على المستوى الوطني?? أو الدولي?? في مجال الحلويات و المملحات.\r\n✅ في كل حصة يوفر المركز جميع المقادير و اللوازم الخاصة لتحضير وصفات الحلويات??و المملحات??\r\n⏳ مدة التكوين : 3 أشهر (72 ساعة) بمعدل حصتان في الأسبوع.\r\n? مصاريف التكوين : 2700 درهم للتكوين بأكمله (شاملة لكافة التكاليف).\r\n? ملحوظة : نحيطكم علما أنه يتعذر علينا الرد على الأسئلة الواردة في التعليقات لعدة عوامل، لذا نلتمس رجاءا ممن يريد الإستفسار أكثر أن يتواصل معنا مباشرة هاتفيا أو عبر الواتساب :\r\n0606502020 - 0536604586\r\n? مقر المركز : شارع الحسن الثاني، عمارة رقم 172_184، قبالة سوق المركب التجاري، الطابق الثاني. الناظور.'),(26,'Pharmacie',1,'تكوين فني في الحلويات و المملحات?‍???‍?\r\n✅ تكوين إحترافي و تطبيقي %?\r\n?‍?? في آخر التكوين، تسلم للخريجات و للخريجين شهادة التأهيل التي تخول لهم الولوج لسوق الشغل سواء على المستوى الوطني?? أو الدولي?? في مجال الحلويات و المملحات.\r\n✅ في كل حصة يوفر المركز جميع المقادير و اللوازم الخاصة لتحضير وصفات الحلويات??و المملحات??\r\n⏳ مدة التكوين : 3 أشهر (72 ساعة) بمعدل حصتان في الأسبوع.\r\n? مصاريف التكوين : 2700 درهم للتكوين بأكمله (شاملة لكافة التكاليف).\r\n? ملحوظة : نحيطكم علما أنه يتعذر علينا الرد على الأسئلة الواردة في التعليقات لعدة عوامل، لذا نلتمس رجاءا ممن يريد الإستفسار أكثر أن يتواصل معنا مباشرة هاتفيا أو عبر الواتساب :\r\n0606502020 - 0536604586\r\n? مقر المركز : شارع الحسن الثاني، عمارة رقم 172_184، قبالة سوق المركب التجاري، الطابق الثاني. الناظور.'),(27,'developpement informatiqe',1,'تكوين فني في الحلويات و المملحات?‍???‍?\r\n✅ تكوين إحترافي و تطبيقي %?\r\n?‍?? في آخر التكوين، تسلم للخريجات و للخريجين شهادة التأهيل التي تخول لهم الولوج لسوق الشغل سواء على المستوى الوطني?? أو الدولي?? في مجال الحلويات و المملحات.\r\n✅ في كل حصة يوفر المركز جميع المقادير و اللوازم الخاصة لتحضير وصفات الحلويات??و المملحات??\r\n⏳ مدة التكوين : 3 أشهر (72 ساعة) بمعدل حصتان في الأسبوع.\r\n? مصاريف التكوين : 2700 درهم للتكوين بأكمله (شاملة لكافة التكاليف).\r\n? ملحوظة : نحيطكم علما أنه يتعذر علينا الرد على الأسئلة الواردة في التعليقات لعدة عوامل، لذا نلتمس رجاءا ممن يريد الإستفسار أكثر أن يتواصل معنا مباشرة هاتفيا أو عبر الواتساب :\r\n0606502020 - 0536604586\r\n? مقر المركز : شارع الحسن الثاني، عمارة رقم 172_184، قبالة سوق المركب التجاري، الطابق الثاني. الناظور.'),(28,'System informatique',1,'تكوين فني في الحلويات و المملحات?‍???‍?\r\n✅ تكوين إحترافي و تطبيقي %?\r\n?‍?? في آخر التكوين، تسلم للخريجات و للخريجين شهادة التأهيل التي تخول لهم الولوج لسوق الشغل سواء على المستوى الوطني?? أو الدولي?? في مجال الحلويات و المملحات.\r\n✅ في كل حصة يوفر المركز جميع المقادير و اللوازم الخاصة لتحضير وصفات الحلويات??و المملحات??\r\n⏳ مدة التكوين : 3 أشهر (72 ساعة) بمعدل حصتان في الأسبوع.\r\n? مصاريف التكوين : 2700 درهم للتكوين بأكمله (شاملة لكافة التكاليف).\r\n? ملحوظة : نحيطكم علما أنه يتعذر علينا الرد على الأسئلة الواردة في التعليقات لعدة عوامل، لذا نلتمس رجاءا ممن يريد الإستفسار أكثر أن يتواصل معنا مباشرة هاتفيا أو عبر الواتساب :\r\n0606502020 - 0536604586\r\n? مقر المركز : شارع الحسن الثاني، عمارة رقم 172_184، قبالة سوق المركب التجاري، الطابق الثاني. الناظور.'),(29,'Camera',1,'تكوين فني في الحلويات و المملحات?‍???‍?\r\n✅ تكوين إحترافي و تطبيقي %?\r\n?‍?? في آخر التكوين، تسلم للخريجات و للخريجين شهادة التأهيل التي تخول لهم الولوج لسوق الشغل سواء على المستوى الوطني?? أو الدولي?? في مجال الحلويات و المملحات.\r\n✅ في كل حصة يوفر المركز جميع المقادير و اللوازم الخاصة لتحضير وصفات الحلويات??و المملحات??\r\n⏳ مدة التكوين : 3 أشهر (72 ساعة) بمعدل حصتان في الأسبوع.\r\n? مصاريف التكوين : 2700 درهم للتكوين بأكمله (شاملة لكافة التكاليف).\r\n? ملحوظة : نحيطكم علما أنه يتعذر علينا الرد على الأسئلة الواردة في التعليقات لعدة عوامل، لذا نلتمس رجاءا ممن يريد الإستفسار أكثر أن يتواصل معنا مباشرة هاتفيا أو عبر الواتساب :\r\n0606502020 - 0536604586\r\n? مقر المركز : شارع الحسن الثاني، عمارة رقم 172_184، قبالة سوق المركب التجاري، الطابق الثاني. الناظور.'),(30,'cake design',1,'تكوين فني في الحلويات و المملحات?‍???‍?\r\n✅ تكوين إحترافي و تطبيقي %?\r\n?‍?? في آخر التكوين، تسلم للخريجات و للخريجين شهادة التأهيل التي تخول لهم الولوج لسوق الشغل سواء على المستوى الوطني?? أو الدولي?? في مجال الحلويات و المملحات.\r\n✅ في كل حصة يوفر المركز جميع المقادير و اللوازم الخاصة لتحضير وصفات الحلويات??و المملحات??\r\n⏳ مدة التكوين : 3 أشهر (72 ساعة) بمعدل حصتان في الأسبوع.\r\n? مصاريف التكوين : 2700 درهم للتكوين بأكمله (شاملة لكافة التكاليف).\r\n? ملحوظة : نحيطكم علما أنه يتعذر علينا الرد على الأسئلة الواردة في التعليقات لعدة عوامل، لذا نلتمس رجاءا ممن يريد الإستفسار أكثر أن يتواصل معنا مباشرة هاتفيا أو عبر الواتساب :\r\n0606502020 - 0536604586\r\n? مقر المركز : شارع الحسن الثاني، عمارة رقم 172_184، قبالة سوق المركب التجاري، الطابق الثاني. الناظور.'),(31,'Pharmacie',1,'تكوين فني في الحلويات و المملحات?‍???‍?\r\n✅ تكوين إحترافي و تطبيقي %?\r\n?‍?? في آخر التكوين، تسلم للخريجات و للخريجين شهادة التأهيل التي تخول لهم الولوج لسوق الشغل سواء على المستوى الوطني?? أو الدولي?? في مجال الحلويات و المملحات.\r\n✅ في كل حصة يوفر المركز جميع المقادير و اللوازم الخاصة لتحضير وصفات الحلويات??و المملحات??\r\n⏳ مدة التكوين : 3 أشهر (72 ساعة) بمعدل حصتان في الأسبوع.\r\n? مصاريف التكوين : 2700 درهم للتكوين بأكمله (شاملة لكافة التكاليف).\r\n? ملحوظة : نحيطكم علما أنه يتعذر علينا الرد على الأسئلة الواردة في التعليقات لعدة عوامل، لذا نلتمس رجاءا ممن يريد الإستفسار أكثر أن يتواصل معنا مباشرة هاتفيا أو عبر الواتساب :\r\n0606502020 - 0536604586\r\n? مقر المركز : شارع الحسن الثاني، عمارة رقم 172_184، قبالة سوق المركب التجاري، الطابق الثاني. الناظور.');

CREATE TABLE `formations_images` (
  `id` int NOT NULL AUTO_INCREMENT,
  `formationID` int DEFAULT NULL,
  `path` varchar(100) DEFAULT NULL,
  PRIMARY KEY (`id`),
  KEY `formationID` (`formationID`),
  CONSTRAINT `formations_images_ibfk_1` FOREIGN KEY (`formationID`) REFERENCES `formations` (`id`) ON DELETE CASCADE
);
INSERT INTO `formations_images` VALUES (8,16,'\\formationsUploads\\myImage.1682188476671.461025.jpg'),(9,16,'\\formationsUploads\\myImage.1682188476684.140100.jpg'),(10,16,'\\formationsUploads\\myImage.1682188476693.845471.jpg'),(11,17,'\\formationsUploads\\myImage.1682188799777.229638.jpg'),(12,17,'\\formationsUploads\\myImage.1682188799785.53941.jpg'),(13,17,'\\formationsUploads\\myImage.1682188799797.341424.jpg'),(14,18,'\\formationsUploads\\myImage.1682188858507.657298.jpg'),(15,18,'\\formationsUploads\\myImage.1682188858508.33041.jpg'),(16,18,'\\formationsUploads\\myImage.1682188858520.899255.jpg'),(17,19,'\\formationsUploads\\myImage.1682188969812.629907.jpg'),(18,19,'\\formationsUploads\\myImage.1682188969814.478518.jpg'),(21,20,'\\formationsUploads\\myImage.1682189004173.399442.jpg'),(22,20,'\\formationsUploads\\myImage.1682189004178.937870.jpg'),(23,21,'\\formationsUploads\\myImage.1682189037398.805644.jpg'),(24,21,'\\formationsUploads\\myImage.1682189037387.371911.jpg'),(25,22,'\\formationsUploads\\myImage.1682189074581.238579.jpg'),(26,23,'\\formationsUploads\\myImage.1682189120134.220028.jpg'),(27,23,'\\formationsUploads\\myImage.1682189120136.536318.jpg'),(28,24,'\\formationsUploads\\myImage.1682189154574.792108.jpg'),(29,24,'\\formationsUploads\\myImage.1682189154578.422517.jpg'),(30,24,'\\formationsUploads\\myImage.1682189154584.791802.jpg'),(31,25,'\\formationsUploads\\myImage.1682209843418.827805.jpg'),(32,25,'\\formationsUploads\\myImage.1682209843431.273619.jpg'),(33,26,'\\formationsUploads\\myImage.1682209886707.693043.jpg'),(34,26,'\\formationsUploads\\myImage.1682209886710.614917.jpg'),(35,27,'\\formationsUploads\\myImage.1682209922267.489512.jpg'),(36,27,'\\formationsUploads\\myImage.1682209922280.945459.jpg'),(37,27,'\\formationsUploads\\myImage.1682209922286.366917.jpg'),(38,28,'\\formationsUploads\\myImage.1682209951027.654725.jpg'),(39,28,'\\formationsUploads\\myImage.1682209951029.881845.jpg'),(40,29,'\\formationsUploads\\myImage.1682209972919.851231.jpg'),(41,30,'\\formationsUploads\\myImage.1682209996134.822890.jpg'),(42,31,'\\formationsUploads\\myImage.1682210013726.513648.jpg');
CREATE TABLE `events` (
  `id` int NOT NULL AUTO_INCREMENT,
  `label` varchar(200) DEFAULT NULL,
  `caption` text,
  `description` text,
  PRIMARY KEY (`id`)
);


INSERT INTO `events` VALUES (60,' تكوين في تركيب كاميرات المراقبة ','دورة رمضان الأبرك : ثلاثة أيام متتالية (الخميس، الجمعة و السبت الموافق ل 13, 14 و 15 أبريل 2023).','يمكن إدراج الحصص ليلا (مباشرة بعد صلاة العشاء).\r\n? جدير بالذكر أن المركز يوفر لكل متدرب(ة) مكانه(ا) الخاص و معداته(ا) اللازمة لتركيب كاميرات المراقبة !\r\n? في آخر التكوين، تسلم للخريجين شهادة تمكنهم من الولوج لسوق الشغل.\r\n? برنامج التكوين جد مكثف و يشمل النقاط التالية : \r\n- ️التعرف على مختلف مكونات أنظمة المراقبة \r\n-️️ التمييز بين أجهزة التسجيل المختلفة\r\n-️️ تحديد مميزات كاميرات Analog \r\n- ️️مقارنة كاميرات Analog مع كاميرات IP\r\n- ️تعلم كيفية تركيب كاميرات المراقبة Analog\r\n- ضبط مختلف إعدادات التصوير و التسجيل\r\n- ️تشغيل التحكم عن بعد بواسطة الهاتف الذكي\r\n-️...إلخ.\r\n? الثمن : 400 درهم للتكوين بأكمله (100 درهم لتأكيد التسجيل + 300 درهم تعطى في اليوم الأول للتكوين).\r\n? للتسجيل، يرجى زيارة مقر المركز الكائن بشارع الحسن الثاني، عمارة رقم 172_184، قبالة سوق المركب التجاري، الطابق الثاني. الناظور.\r\n♦️ ملحوظة : نحيطكم علما أننا نتجنب الرد على الأسئلة الواردة في التعليقات لعدة عوامل، لذا نلتمس رجاءا ممن يريد الإستفسار أكثر أن يتواصل معنا هاتفيا أو عبر الواتساب :\r\n0606502020 - 0536604586'),(61,' تكوين حرفي في كهرباء البناء ',' !  أبواب التسجيل مفتوحة  \r\n','كوين بورشات %? تطبيقية ??‍?\r\nEU و الدولي MA   في ختام التكوين، تسلم للخريجين شهادة التأهيل و الاستحقاق في كهرباء البناء تمكنهم من ولوج سوق الشغل على المستويين الوطني ?\r\n مدة التكوين : 3 أشهر (40 ساعة)⏳\r\n .أثناء التكوين، يوفر مركز  لينيوبول لكل متدرب معداته ولوازمه الخاصة التي يحتاجها من أجل تطبيق و تثبيت جميع التركيبات اللازمة في كهرباء البناء ✅ \r\n?للتسجيل، يرجى الإلتحاق بمقر المركز الكائن بشارع الحسن الثاني، عمارة رقم 172_184، قبالة سوق المركب التجاري، الطابق الثاني، الناظور\r\n ملحوظة : نحيطكم علما أنه يتعذر علينا الرد على الأسئلة الواردة في التعليقات لعدة عوامل، لذا نلتمس رجاءا ممن يريد الإستفسار أكثر أن يتواصل معنا مباشرة هاتفيا أو عبر \r\n?الواتساب\r\n0606502020 - 0700946444 - 0536604586');


CREATE TABLE `events_images` (
  `id` int NOT NULL AUTO_INCREMENT,
  `eventID` int DEFAULT NULL,
  `path` varchar(100) DEFAULT NULL,
  PRIMARY KEY (`id`),
  KEY `eventID` (`eventID`),
  CONSTRAINT `events_images_ibfk_1` FOREIGN KEY (`eventID`) REFERENCES `events` (`id`) ON DELETE CASCADE
);


INSERT INTO `events_images` VALUES (47,60,'\\eventsUploads\\myImage.1682165830551.537096.jpg'),(48,60,'\\eventsUploads\\myImage.1682165830556.583112.jpg'),(49,60,'\\eventsUploads\\myImage.1682165830561.683173.jpg'),(50,61,'\\eventsUploads\\myImage.1682167617267.685311.jpg'),(51,61,'\\eventsUploads\\myImage.1682167617275.874072.jpg'),(52,61,'\\eventsUploads\\myImage.1682167617281.529643.jpg'),(53,61,'\\eventsUploads\\myImage.1682167617293.822328.jpg'),(55,61,'\\eventsUploads\\myImage.1682267572241.104521.jpg');

CREATE TABLE `cours` (
  `id` int NOT NULL AUTO_INCREMENT,
  `tutor_id` int DEFAULT NULL,
  `titre` varchar(50) NOT NULL,
  `cours_path` varchar(200) DEFAULT NULL,
  `description` text,
  `montant` decimal(5,2) DEFAULT '0.00',
  `payant` tinyint(1) DEFAULT '0',
  `password` varchar(100) DEFAULT NULL,
  PRIMARY KEY (`id`),
  UNIQUE KEY `cours_path` (`cours_path`),
  KEY `tutor_id` (`tutor_id`),
  CONSTRAINT `cours_ibfk_1` FOREIGN KEY (`tutor_id`) REFERENCES `users` (`id`)
);
INSERT INTO `cours` VALUES (1,1,'Php','\\\\cours\\\\coursPdf.1682296088786.156833.pdf','PHP is a general-purpose scripting language widely used as a server-side language for creating dynamic web pages. Though its reputation is mixed, PHP is still extremely popular and is used in over 75% of all websites where the server-side programming language is known.',0.00,0,'hhrQz2t06tMBqBlWtEToEJVq1Ql0nnHd'),(2,1,'Python','\\\\cours\\\\coursPdf.1682296234188.911805.pdf','Python is a general-purpose, versatile, and powerful programming language. It’s a great first language because Python code is concise and easy to read. Whatever you want to do, python can do it. From web development to machine learning to data science, Python is the language for you.',9.99,1,'qvE7htfFdJmlyIMsHTAvdPLfFk29TAPT');


CREATE TABLE `etudiant_cour` (
  `id` int NOT NULL AUTO_INCREMENT,
  `id_cours` int DEFAULT NULL,
  `id_etudiant` int DEFAULT NULL,
  `DateEnrollement` date DEFAULT (curdate()),
  PRIMARY KEY (`id`),
  UNIQUE KEY `id_cours` (`id_cours`,`id_etudiant`),
  KEY `id_etudiant` (`id_etudiant`),
  CONSTRAINT `etudiant_cour_ibfk_1` FOREIGN KEY (`id_cours`) REFERENCES `cours` (`id`) ON DELETE CASCADE,
  CONSTRAINT `etudiant_cour_ibfk_2` FOREIGN KEY (`id_etudiant`) REFERENCES `users` (`id`) ON DELETE CASCADE
);

INSERT INTO `etudiant_cour` VALUES (1,1,2,'2023-04-24'),(2,2,1,'2023-04-24');

create table payement(
    id INT PRIMARY KEY AUTO_INCREMENT,
    id_cours INT,
    id_etudiant INT,
    payement_montant DECIMAL(5,2),
    payement_method VARCHAR(20),
    payement_transaction_id VARCHAR(100) UNIQUE,
    payement_date  DATE default (CURDATE()),
    FOREIGN KEY (id_cours) REFERENCES Cours(id),
    FOREIGN KEY (id_etudiant) REFERENCES users(id),
    UNIQUE(id_cours,id_etudiant)
);

ALTER TABLE Cours ADD FULLTEXT(titre);